<?xml version="1.0" encoding="UTF-8"?>

<!--Autogenerated by Cloudera Manager-->
<configuration>
  <property>
    <name>ipc.client.connection.maxidletime</name>
    <value>30000</value>
  </property>
  <property>
    <name>ipc.client.connect.max.retries</name>
    <value>50</value>
  </property>
  <property>
    <name>io.compression.codecs</name>
    <value>org.apache.hadoop.io.compress.DefaultCodec,org.apache.hadoop.io.compress.GzipCodec,org.apache.hadoop.io.compress.BZip2Codec,org.apache.hadoop.io.compress.DeflateCodec,org.apache.hadoop.io.compress.SnappyCodec,org.apache.hadoop.io.compress.Lz4Codec</value>
  </property>
  <property>
    <name>hadoop.security.authorization</name>
    <value>true</value>
  </property>
  <property>
    <name>hadoop.rpc.protection</name>
    <value>authentication</value>
  </property>
  <property>
    <name>hadoop.proxyuser.oozie.hosts</name>
    <value>*</value>
  </property>
  <property>
    <name>hadoop.proxyuser.oozie.groups</name>
    <value>*</value>
  </property>
  <property>
    <name>hadoop.proxyuser.HTTP.hosts</name>
    <value>*</value>
  </property>
  <property>
    <name>hadoop.proxyuser.HTTP.groups</name>
    <value>*</value>
  </property>
  <property>
    <name>hadoop.proxyuser.hive.hosts</name>
    <value>*</value>
  </property>
  <property>
    <name>hadoop.proxyuser.hive.groups</name>
    <value>*</value>
  </property>
  <property>
    <name>hadoop.proxyuser.hue.hosts</name>
    <value>*</value>
  </property>
  <property>
    <name>hadoop.proxyuser.hue.groups</name>
    <value>*</value>
  </property>
  <property>
    <name>hadoop.proxyuser.httpfs.hosts</name>
    <value>*</value>
  </property>
  <property>
    <name>hadoop.proxyuser.httpfs.groups</name>
    <value>*</value>
  </property>
  <property>
    <name>hadoop.proxyuser.knox.hosts</name>
    <value>*</value>
  </property>
  <property>
    <name>hadoop.proxyuser.knox.groups</name>
    <value>*</value>
  </property>
  <property>
    <name>hadoop.proxyuser.livy.hosts</name>
    <value>*</value>
  </property>
  <property>
    <name>hadoop.proxyuser.livy.groups</name>
    <value>*</value>
  </property>
  <property>
    <name>hadoop.proxyuser.impala.hosts</name>
    <value>*</value>
  </property>
  <property>
    <name>hadoop.proxyuser.impala.groups</name>
    <value>*</value>
  </property>
  <property>
    <name>hadoop.proxyuser.hdfs.groups</name>
    <value>*</value>
  </property>
  <property>
    <name>hadoop.proxyuser.hdfs.hosts</name>
    <value>*</value>
  </property>
  <property>
    <name>hadoop.proxyuser.yarn.hosts</name>
    <value>*</value>
  </property>
  <property>
    <name>hadoop.proxyuser.yarn.groups</name>
    <value>*</value>
  </property>
  <property>
    <name>hadoop.proxyuser.phoenix.hosts</name>
    <value>*</value>
  </property>
  <property>
    <name>hadoop.proxyuser.phoenix.groups</name>
    <value>*</value>
  </property>
  <property>
    <name>hadoop.proxyuser.kudu.hosts</name>
    <value>*</value>
  </property>
  <property>
    <name>hadoop.proxyuser.kudu.groups</name>
    <value>*</value>
  </property>
  <property>
    <name>fs.defaultFS</name>
    <value>hdfs://cdpisilon.big.local:8020</value>
  </property>
  <property>
    <name>hadoop.security.authentication</name>
    <value>kerberos</value>
  </property>
  <property>
    <name>hadoop.security.auth_to_local</name>
    <value>RULE:[2:$1@$0](rangeradmin@KDC.CDP7)s/(.*)@KDC.CDP7/ranger/
RULE:[2:$1@$0](rangertagsync@KDC.CDP7)s/(.*)@KDC.CDP7/rangertagsync/
RULE:[2:$1@$0](rangerusersync@KDC.CDP7)s/(.*)@KDC.CDP7/rangerusersync/
RULE:[2:$1@$0](atlas@KDC.CDP7)s/(.*)@KDC.CDP7/atlas/
RULE:[1:$1@$0](HTTP.*@\QBIG.LOCAL\E$)s/@\QBIG.LOCAL\E$//
RULE:[1:$1@$0](.*@\QBIG.LOCAL\E$)s/@\QBIG.LOCAL\E$///L
RULE:[2:$1@$0](HTTP.*@\QBIG.LOCAL\E$)s/@\QBIG.LOCAL\E$//
RULE:[2:$1@$0](.*@\QBIG.LOCAL\E$)s/@\QBIG.LOCAL\E$///L
DEFAULT</value>
  </property>
  <property>
    <name>hadoop.security.token.service.use_ip</name>
    <value>false</value>
  </property>
  <property>
    <name>hadoop.ssl.require.client.cert</name>
    <value>false</value>
    <final>true</final>
  </property>
  <property>
    <name>hadoop.ssl.keystores.factory.class</name>
    <value>org.apache.hadoop.security.ssl.FileBasedKeyStoresFactory</value>
    <final>true</final>
  </property>
  <property>
    <name>hadoop.ssl.server.conf</name>
    <value>ssl-server.xml</value>
    <final>true</final>
  </property>
  <property>
    <name>hadoop.ssl.client.conf</name>
    <value>ssl-client.xml</value>
    <final>true</final>
  </property>
  <property>
    <name>hadoop.security.group.mapping</name>
    <value>org.apache.hadoop.security.ShellBasedUnixGroupsMapping</value>
  </property>
</configuration>
