<?xml version="1.0" encoding="UTF-8"?>

<!--Autogenerated by Cloudera Manager-->
<configuration>
  <property>
    <name>dfs.replication</name>
    <value>3</value>
  </property>
  <property>
    <name>dfs.blocksize</name>
    <value>134217728</value>
  </property>
  <property>
    <name>fs.permissions.umask-mode</name>
    <value>002</value>
  </property>
  <!--'dfs.namenode.acls.enabled', originally set to 'true' (non-final), is overridden below by a safety valve-->
  <property>
    <name>dfs.client.read.shortcircuit.streams.cache.size</name>
    <value>4096</value>
  </property>
  <property>
    <name>dfs.datanode.hdfs-blocks-metadata.enabled</name>
    <value>true</value>
  </property>
  <property>
    <name>dfs.client.read.shortcircuit</name>
    <value>false</value>
  </property>
  <property>
    <name>dfs.namenode.kerberos.principal.pattern</name>
    <value>hdfs/*@KDC.CDP7</value>
  </property>
  <property>
    <name>dfs.namenode.acls.enabled</name>
    <value>true</value>
  </property>
  <property>
    <name>dfs.webhdfs.enabled</name>
    <value>true</value>
  </property>
</configuration>
