<?xml version="1.0" encoding="UTF-8"?>

<!--Autogenerated by Cloudera Manager-->
<configuration>
  <property>
    <name>hive.metastore.client.socket.timeout</name>
    <value>300</value>
  </property>
  <property>
    <name>hive.metastore.warehouse.dir</name>
    <value>/warehouse/tablespace/managed/hive</value>
  </property>
  <property>
    <name>hive.metastore.warehouse.external.dir</name>
    <value>/warehouse/tablespace/external/hive</value>
  </property>
  <property>
    <name>hive.server2.transport.mode</name>
    <value>binary</value>
  </property>
  <property>
    <name>hive.auto.convert.join</name>
    <value>true</value>
  </property>
  <property>
    <name>hive.auto.convert.join.noconditionaltask.size</name>
    <value>52428800</value>
  </property>
  <property>
    <name>hive.optimize.bucketmapjoin.sortedmerge</name>
    <value>false</value>
  </property>
  <property>
    <name>hive.smbjoin.cache.rows</name>
    <value>10000</value>
  </property>
  <property>
    <name>hive.server2.logging.operation.enabled</name>
    <value>true</value>
  </property>
  <property>
    <name>hive.server2.logging.operation.log.location</name>
    <value>/var/log/hive/operation_logs</value>
  </property>
  <property>
    <name>mapred.reduce.tasks</name>
    <value>-1</value>
  </property>
  <property>
    <name>hive.exec.reducers.bytes.per.reducer</name>
    <value>67108864</value>
  </property>
  <property>
    <name>hive.exec.copyfile.maxsize</name>
    <value>33554432</value>
  </property>
  <property>
    <name>hive.exec.reducers.max</name>
    <value>1009</value>
  </property>
  <property>
    <name>hive.vectorized.groupby.checkinterval</name>
    <value>4096</value>
  </property>
  <property>
    <name>hive.vectorized.groupby.flush.percent</name>
    <value>0.1</value>
  </property>
  <property>
    <name>hive.compute.query.using.stats</name>
    <value>true</value>
  </property>
  <property>
    <name>hive.vectorized.execution.enabled</name>
    <value>true</value>
  </property>
  <property>
    <name>hive.vectorized.execution.reduce.enabled</name>
    <value>true</value>
  </property>
  <property>
    <name>hive.vectorized.use.vectorized.input.format</name>
    <value>true</value>
  </property>
  <property>
    <name>hive.vectorized.use.checked.expressions</name>
    <value>true</value>
  </property>
  <property>
    <name>hive.vectorized.use.vector.serde.deserialize</name>
    <value>false</value>
  </property>
  <property>
    <name>hive.vectorized.adaptor.usage.mode</name>
    <value>chosen</value>
  </property>
  <property>
    <name>hive.vectorized.input.format.excludes</name>
    <value></value>
  </property>
  <property>
    <name>hive.merge.mapfiles</name>
    <value>true</value>
  </property>
  <property>
    <name>hive.merge.mapredfiles</name>
    <value>false</value>
  </property>
  <property>
    <name>hive.cbo.enable</name>
    <value>true</value>
  </property>
  <property>
    <name>hive.fetch.task.conversion</name>
    <value>more</value>
  </property>
  <property>
    <name>hive.fetch.task.conversion.threshold</name>
    <value>1073741824</value>
  </property>
  <property>
    <name>hive.limit.pushdown.memory.usage</name>
    <value>0.04</value>
  </property>
  <property>
    <name>hive.merge.smallfiles.avgsize</name>
    <value>16777216</value>
  </property>
  <property>
    <name>hive.merge.size.per.task</name>
    <value>268435456</value>
  </property>
  <property>
    <name>hive.optimize.reducededuplication</name>
    <value>true</value>
  </property>
  <property>
    <name>hive.optimize.reducededuplication.min.reducer</name>
    <value>4</value>
  </property>
  <property>
    <name>hive.map.aggr</name>
    <value>true</value>
  </property>
  <property>
    <name>hive.map.aggr.hash.percentmemory</name>
    <value>0.5</value>
  </property>
  <property>
    <name>hive.exec.dynamic.partition</name>
    <value>true</value>
  </property>
  <property>
    <name>hive.optimize.sort.dynamic.partition</name>
    <value>false</value>
  </property>
  <property>
    <name>hive.metastore.execute.setugi</name>
    <value>true</value>
  </property>
  <property>
    <name>hive.metastore.dml.events</name>
    <value>true</value>
  </property>
  <property>
    <name>hive.support.concurrency</name>
    <value>true</value>
  </property>
  <property>
    <name>hive.zookeeper.quorum</name>
    <value>cdpmaster02.big.local,cdpmaster03.big.local,cdpmaster01.big.local</value>
  </property>
  <property>
    <name>hive.zookeeper.client.port</name>
    <value>2181</value>
  </property>
  <property>
    <name>hbase.zookeeper.quorum</name>
    <value>cdpmaster02.big.local,cdpmaster03.big.local,cdpmaster01.big.local</value>
  </property>
  <property>
    <name>hbase.zookeeper.property.clientPort</name>
    <value>2181</value>
  </property>
  <property>
    <name>hive.cluster.delegation.token.store.class</name>
    <value>org.apache.hadoop.hive.thrift.DBTokenStore</value>
  </property>
  <property>
    <name>hive.server2.webui.exclude.ciphersuites</name>
    <value>^TLS_DHE.*$,^.*SHA$,^TLS_RSA_WITH.*$,^.*MD5.*$,^TLS_DH_.*$,^.*RC4.*$,^.*CCM.*$</value>
  </property>
  <property>
    <name>hive.metastore.sasl.enabled</name>
    <value>true</value>
  </property>
  <property>
    <name>hive.server2.authentication</name>
    <value>KERBEROS</value>
  </property>
  <property>
    <name>hive.metastore.kerberos.principal</name>
    <value>hive/_HOST@KDC.CDP7</value>
  </property>
  <property>
    <name>hive.server2.authentication.kerberos.principal</name>
    <value>hive/_HOST@KDC.CDP7</value>
  </property>
  <property>
    <name>hive.server2.use.SSL</name>
    <value>true</value>
  </property>
  <property>
    <name>hive.server2.http.exclude.ciphersuites</name>
    <value>^TLS_DHE.*$,^.*SHA$,^TLS_RSA_WITH.*$,^.*MD5.*$,^TLS_DH_.*$,^.*RC4.*$,^.*CCM.*$</value>
  </property>
  <property>
    <name>hive.server2.binary.include.ciphersuites</name>
    <value>TLS_ECDHE_ECDSA_WITH_AES_256_GCM_SHA384:TLS_ECDHE_RSA_WITH_AES_256_GCM_SHA384:TLS_ECDHE_ECDSA_WITH_AES_128_GCM_SHA256:TLS_ECDHE_RSA_WITH_AES_128_GCM_SHA256:TLS_ECDHE_ECDSA_WITH_AES_256_CBC_SHA384:TLS_ECDHE_RSA_WITH_AES_256_CBC_SHA384:TLS_ECDHE_ECDSA_WITH_AES_128_CBC_SHA256:TLS_ECDHE_RSA_WITH_AES_128_CBC_SHA256</value>
  </property>
  <property>
    <name>hive.exec.post.hooks</name>
    <value>org.apache.hadoop.hive.ql.hooks.HiveProtoLoggingHook</value>
  </property>
  <property>
    <name>hive.hook.proto.base-directory</name>
    <value>/warehouse/tablespace/managed/hive/sys.db/query_data/</value>
  </property>
  <property>
    <name>hive.exec.pre.hooks</name>
    <value>org.apache.hadoop.hive.ql.hooks.HiveProtoLoggingHook</value>
  </property>
  <property>
    <name>hive.exec.failure.hooks</name>
    <value>org.apache.hadoop.hive.ql.hooks.HiveProtoLoggingHook</value>
  </property>
  <property>
    <name>hive.metastore.transactional.event.listeners</name>
    <value>org.apache.hive.hcatalog.listener.DbNotificationListener</value>
  </property>
  <property>
    <name>hive.metastore.authentication</name>
    <value>LDAP</value>
  </property>
  <property>
    <name>hive.strict.checks.orderby.no.limit</name>
    <value>false</value>
  </property>
  <property>
    <name>hive.strict.checks.no.partition.filter</name>
    <value>false</value>
  </property>
  <property>
    <name>hive.strict.checks.type.safety</name>
    <value>true</value>
  </property>
  <property>
    <name>hive.strict.checks.cartesian.product</name>
    <value>false</value>
  </property>
  <property>
    <name>hive.strict.checks.bucketing</name>
    <value>true</value>
  </property>
  <property>
    <name>hive.server2.support.dynamic.service.discovery</name>
    <value>true</value>
  </property>
  <property>
    <name>hive.async.log.enabled</name>
    <value>false</value>
  </property>
  <property>
    <name>hive.repl.cm.enabled</name>
    <value>false</value>
  </property>
  <property>
    <name>hive.masking.algo</name>
    <value>sha256</value>
  </property>
  <property>
    <name>hive.metastore.uris</name>
    <value>thrift://cdputility01.big.local:9083,thrift://cdputility02.big.local:9083</value>
  </property>
  <property>
    <name>hive.tez.container.size</name>
    <value>4096</value>
  </property>
  <property>
    <name>hive.tez.input.format</name>
    <value>org.apache.hadoop.hive.ql.io.HiveInputFormat</value>
  </property>
  <property>
    <name>hive.tez.java.opts</name>
    <value>-server -Djava.net.preferIPv4Stack=true -XX:NewRatio=8 -XX:+UseNUMA -XX:+UseG1GC -XX:+ResizeTLAB -XX:+PrintGCDetails -verbose:gc</value>
  </property>
  <property>
    <name>hive.tez.cpu.vcores</name>
    <value>-1</value>
  </property>
  <property>
    <name>hive.tez.log.level</name>
    <value>INFO</value>
  </property>
  <property>
    <name>hive.tez.auto.reducer.parallelism</name>
    <value>true</value>
  </property>
  <property>
    <name>hive.tez.min.partition.factor</name>
    <value>0.25</value>
  </property>
  <property>
    <name>hive.tez.max.partition.factor</name>
    <value>2.0</value>
  </property>
  <property>
    <name>hive.tez.dynamic.partition.pruning</name>
    <value>true</value>
  </property>
  <property>
    <name>hive.tez.dynamic.partition.pruning.max.event.size</name>
    <value>1048576</value>
  </property>
  <property>
    <name>hive.tez.dynamic.partition.pruning.max.data.size</name>
    <value>104857600</value>
  </property>
  <property>
    <name>hive.tez.smb.number.waves</name>
    <value>0.5</value>
  </property>
  <property>
    <name>hive.tez.input.generate.consistent.splits</name>
    <value>true</value>
  </property>
  <property>
    <name>hive.tez.exec.print.summary</name>
    <value>true</value>
  </property>
  <property>
    <name>hive.tez.cartesian-product.enabled</name>
    <value>true</value>
  </property>
  <property>
    <name>hive.tez.bucket.pruning</name>
    <value>true</value>
  </property>
  <property>
    <name>hive.server2.zookeeper.namespace</name>
    <value>hiveserver2</value>
  </property>
  <property>
    <name>hive.server2.tez.sessions.per.default.queue</name>
    <value>4</value>
  </property>
  <property>
    <name>beeline.hs2.jdbc.url.hive_on_tez</name>
    <value>jdbc:hive2://cdpmaster01.big.local:2181,cdpmaster02.big.local:2181,cdpmaster03.big.local:2181/;serviceDiscoveryMode=zooKeeper;zooKeeperNamespace=hiveserver2;ssl=true;sslTrustStore=/var/lib/cloudera-scm-agent/agent-cert/cm-auto-global_truststore.jks</value>
  </property>
</configuration>
