<?xml version="1.0" encoding="UTF-8"?>

<!--Autogenerated by Cloudera Manager-->
<configuration>
  <property>
    <name>ssl.client.truststore.type</name>
    <value>jks</value>
  </property>
  <property>
    <name>ssl.client.truststore.location</name>
    <value>/var/lib/cloudera-scm-agent/agent-cert/cm-auto-global_truststore.jks</value>
  </property>
  <property>
    <name>ssl.client.truststore.password</name>
    <value>TNUKwmBMmy1Axs5HwA4dV7xH7RmKYWssxIlTWiH8YSA</value>
  </property>
  <property>
    <name>ssl.client.truststore.reload.interval</name>
    <value>10000</value>
  </property>
</configuration>
