<?xml version="1.0" encoding="UTF-8"?>

<!--Autogenerated by Cloudera Manager-->
<configuration>
  <property>
    <name>yarn.acl.enable</name>
    <value>true</value>
  </property>
  <property>
    <name>yarn.admin.acl</name>
    <value>yarn</value>
  </property>
  <property>
    <name>yarn.log-aggregation.file-formats</name>
    <value>IFile,TFile</value>
  </property>
  <property>
    <name>yarn.log-aggregation.file-controller.TFile.class</name>
    <value>org.apache.hadoop.yarn.logaggregation.filecontroller.tfile.LogAggregationTFileController</value>
  </property>
  <property>
    <name>yarn.log-aggregation.TFile.remote-app-log-dir-suffix</name>
    <value></value>
  </property>
  <property>
    <name>yarn.log-aggregation.file-controller.IFile.class</name>
    <value>org.apache.hadoop.yarn.logaggregation.filecontroller.ifile.LogAggregationIndexedFileController</value>
  </property>
  <property>
    <name>yarn.node-labels.enabled</name>
    <value>true</value>
  </property>
  <property>
    <name>yarn.resourcemanager.ha.enabled</name>
    <value>true</value>
  </property>
  <property>
    <name>yarn.resourcemanager.ha.automatic-failover.enabled</name>
    <value>true</value>
  </property>
  <property>
    <name>yarn.resourcemanager.ha.automatic-failover.embedded</name>
    <value>true</value>
  </property>
  <property>
    <name>yarn.resourcemanager.recovery.enabled</name>
    <value>true</value>
  </property>
  <property>
    <name>yarn.resourcemanager.zk-address</name>
    <value>cdpmaster02.big.local:2181,cdpmaster03.big.local:2181,cdpmaster01.big.local:2181</value>
  </property>
  <property>
    <name>yarn.resourcemanager.store.class</name>
    <value>org.apache.hadoop.yarn.server.resourcemanager.recovery.ZKRMStateStore</value>
  </property>
  <property>
    <name>yarn.client.failover-sleep-base-ms</name>
    <value>100</value>
  </property>
  <property>
    <name>yarn.client.failover-sleep-max-ms</name>
    <value>2000</value>
  </property>
  <property>
    <name>yarn.resourcemanager.cluster-id</name>
    <value>yarnRM</value>
  </property>
  <property>
    <name>yarn.resourcemanager.address.rm108</name>
    <value>cdpmaster02.big.local:8032</value>
  </property>
  <property>
    <name>yarn.resourcemanager.scheduler.address.rm108</name>
    <value>cdpmaster02.big.local:8030</value>
  </property>
  <property>
    <name>yarn.resourcemanager.resource-tracker.address.rm108</name>
    <value>cdpmaster02.big.local:8031</value>
  </property>
  <property>
    <name>yarn.resourcemanager.admin.address.rm108</name>
    <value>cdpmaster02.big.local:8033</value>
  </property>
  <property>
    <name>yarn.resourcemanager.webapp.address.rm108</name>
    <value>cdpmaster02.big.local:8088</value>
  </property>
  <property>
    <name>yarn.resourcemanager.webapp.https.address.rm108</name>
    <value>cdpmaster02.big.local:8090</value>
  </property>
  <property>
    <name>yarn.resourcemanager.address.rm164</name>
    <value>cdpmaster03.big.local:8032</value>
  </property>
  <property>
    <name>yarn.resourcemanager.scheduler.address.rm164</name>
    <value>cdpmaster03.big.local:8030</value>
  </property>
  <property>
    <name>yarn.resourcemanager.resource-tracker.address.rm164</name>
    <value>cdpmaster03.big.local:8031</value>
  </property>
  <property>
    <name>yarn.resourcemanager.admin.address.rm164</name>
    <value>cdpmaster03.big.local:8033</value>
  </property>
  <property>
    <name>yarn.resourcemanager.webapp.address.rm164</name>
    <value>cdpmaster03.big.local:8088</value>
  </property>
  <property>
    <name>yarn.resourcemanager.webapp.https.address.rm164</name>
    <value>cdpmaster03.big.local:8090</value>
  </property>
  <property>
    <name>yarn.resourcemanager.ha.rm-ids</name>
    <value>rm108,rm164</value>
  </property>
  <property>
    <name>yarn.resourcemanager.client.thread-count</name>
    <value>50</value>
  </property>
  <property>
    <name>yarn.resourcemanager.scheduler.client.thread-count</name>
    <value>50</value>
  </property>
  <property>
    <name>yarn.resourcemanager.admin.client.thread-count</name>
    <value>1</value>
  </property>
  <property>
    <name>yarn.scheduler.minimum-allocation-mb</name>
    <value>1024</value>
  </property>
  <property>
    <name>yarn.scheduler.increment-allocation-mb</name>
    <value>512</value>
  </property>
  <property>
    <name>yarn.scheduler.maximum-allocation-mb</name>
    <value>32768</value>
  </property>
  <property>
    <name>yarn.scheduler.minimum-allocation-vcores</name>
    <value>1</value>
  </property>
  <property>
    <name>yarn.scheduler.increment-allocation-vcores</name>
    <value>1</value>
  </property>
  <property>
    <name>yarn.scheduler.maximum-allocation-vcores</name>
    <value>4</value>
  </property>
  <property>
    <name>yarn.resourcemanager.amliveliness-monitor.interval-ms</name>
    <value>1000</value>
  </property>
  <property>
    <name>yarn.am.liveness-monitor.expiry-interval-ms</name>
    <value>600000</value>
  </property>
  <property>
    <name>yarn.resourcemanager.am.max-attempts</name>
    <value>2</value>
  </property>
  <property>
    <name>yarn.resourcemanager.container.liveness-monitor.interval-ms</name>
    <value>600000</value>
  </property>
  <property>
    <name>yarn.resourcemanager.nm.liveness-monitor.interval-ms</name>
    <value>1000</value>
  </property>
  <property>
    <name>yarn.nm.liveness-monitor.expiry-interval-ms</name>
    <value>600000</value>
  </property>
  <property>
    <name>yarn.resourcemanager.resource-tracker.client.thread-count</name>
    <value>50</value>
  </property>
  <property>
    <name>yarn.application.classpath</name>
    <value>$HADOOP_CLIENT_CONF_DIR,$HADOOP_COMMON_HOME/*,$HADOOP_COMMON_HOME/lib/*,$HADOOP_HDFS_HOME/*,$HADOOP_HDFS_HOME/lib/*,$HADOOP_YARN_HOME/*,$HADOOP_YARN_HOME/lib/*</value>
  </property>
  <property>
    <name>yarn.resourcemanager.scheduler.class</name>
    <value>org.apache.hadoop.yarn.server.resourcemanager.scheduler.capacity.CapacityScheduler</value>
  </property>
  <property>
    <name>yarn.scheduler.capacity.resource-calculator</name>
    <value>org.apache.hadoop.yarn.util.resource.DominantResourceCalculator</value>
  </property>
  <property>
    <name>yarn.resourcemanager.max-completed-applications</name>
    <value>10000</value>
  </property>
  <property>
    <name>yarn.nodemanager.remote-app-log-dir</name>
    <value>/tmp/logs</value>
  </property>
  <property>
    <name>yarn.nodemanager.remote-app-log-dir-suffix</name>
    <value>logs</value>
  </property>
  <property>
    <name>yarn.nodemanager.vmem-check-enabled</name>
    <value>false</value>
  </property>
  <property>
    <name>yarn.resourcemanager.placement-constraints.handler</name>
    <value>scheduler</value>
  </property>
  <property>
    <name>hadoop.registry.zk.quorum</name>
    <value>cdpmaster02.big.local:2181,cdpmaster03.big.local:2181,cdpmaster01.big.local:2181</value>
  </property>
  <property>
    <name>yarn.service.framework.path</name>
    <value>/user/yarn/services/service-framework/7.1.7/service-dep.tar.gz</value>
  </property>
  <property>
    <name>yarn.service.classpath</name>
    <value>$HADOOP_CLIENT_CONF_DIR</value>
  </property>
  <property>
    <name>yarn.resourcemanager.principal</name>
    <value>yarn/_HOST@KDC.CDP7</value>
  </property>
  <property>
    <name>yarn.http.policy</name>
    <value>HTTPS_ONLY</value>
  </property>
</configuration>
